{"cameraMode":{"drawMode":0,"name":"Shaded","section":"Shading Mode"},"sceneLighting":true,"audioPlay":false,"sceneViewState":{"showFog":true,"showMaterialUpdate":false,"showSkybox":true,"showFlares":true,"showImageEffects":true,"showParticleSystems":true},"in2DMode":false,"pivot":{"x":7.787712097167969,"y":2.016266345977783,"z":-12.081480979919434},"rotation":{"x":-0.00294784689322114,"y":0.9967629909515381,"z":0.0679745078086853,"w":0.04308752343058586},"size":29.817075729370118,"orthographic":false}