{"cameraMode":{"drawMode":0,"name":"Shaded","section":"Shading Mode"},"sceneLighting":false,"audioPlay":false,"sceneViewState":{"showFog":true,"showMaterialUpdate":false,"showSkybox":false,"showFlares":true,"showImageEffects":true,"showParticleSystems":true},"in2DMode":false,"pivot":{"x":161.92774963378907,"y":147.14913940429688,"z":174.65499877929688},"rotation":{"x":-0.0842546671628952,"y":0.9027502536773682,"z":-0.20691150426864625,"w":-0.367601215839386},"size":0.24736814200878144,"orthographic":true}